,country,alcoholic_beverages,animal_fats,animal_products,aquatic_products_other,cereals_excluding_beer,eggs,fish_seafood,fruits_excluding_wine,meat,milk_excluding_butter,miscellaneous,offals,oilcrops,pulses,spices,starchy_roots,stimulants,sugar_crops,sugar_sweeteners,treenuts,vegetable_oils,vegetables,vegetal_products,confirmed,deaths,recovered,active,population
0,Afghanistan,0.0,1.39065,4.83625,0.0,1.7958,0.1533,0.007300000000000001,0.09490000000000001,1.36875,1.85055,0.0036500000000000005,0.06935000000000001,0.23360000000000003,0.0438,0.06205000000000001,0.01095,0.0219,0.0,0.0,0.1679,3.8179000000000003,0.0803,6.34005,0.132362309905466,0.0056283394985614,0.1071901972873,0.0,38928000.0
1,Albania,0.0,2.9345999999999997,27.480850000000004,0.0,2.29585,1.41255,0.12410000000000002,0.55115,7.508050000000001,15.249699999999999,0.014600000000000002,0.25184999999999996,2.7156000000000002,0.09855,0.0,0.0438,0.4526,0.0,0.0,0.7884,7.93875,0.55845,15.457749999999999,2.05482734319944,0.0416138125440451,1.18513037350247,0.828083157152925,2838000.0
2,Algeria,0.0,0.5219499999999999,8.3877,0.0,2.4455,0.7081,0.11680000000000001,0.3358,2.2666500000000003,4.7085,0.025550000000000003,0.06205000000000001,0.69715,0.15695,0.09125,0.0657,0.1679,0.0,0.0,0.50005,15.917649999999998,0.2993,20.7028,0.225211353337692,0.0062267511328538,0.151937687399959,0.0670469148048786,44357000.0
3,Angola,0.0,0.46720000000000006,5.445799999999999,0.0,2.33235,0.05474999999999999,0.5036999999999999,0.12410000000000002,3.9237499999999996,0.43799999999999994,0.01095,0.05474999999999999,1.41985,0.11680000000000001,0.0036500000000000005,0.25184999999999996,0.04015,0.0,0.0,0.01095,7.9935,0.0438,12.347949999999999,0.0540188180308714,0.0012453108664903,0.0342721849824734,0.0185013221819076,32522000.0
4,Antigua and Barbuda,0.0,3.0368000000000004,18.020049999999998,0.0,2.0914500000000005,0.25184999999999996,0.9928000000000001,0.79205,9.3148,4.3325499999999995,0.05840000000000001,0.0876,0.8833,0.0438,0.23360000000000003,0.029200000000000004,0.6862,0.0,0.0,0.1314,9.3951,0.1606,14.505100000000002,0.162244897959184,0.0051020408163265,0.151020408163265,0.0061224489795918,98000.0
5,Argentina,0.0,2.82875,25.96245,0.0,1.1388,1.3432,0.14235,0.17884999999999998,16.47975,5.004150000000001,0.0,0.1606,0.05474999999999999,0.018250000000000002,0.018250000000000002,0.09490000000000001,0.2117,0.0,0.0,0.11680000000000001,14.808050000000001,0.1606,16.80095,3.5912334442559,0.0954646627145911,3.14405095092227,0.351717830619036,45377000.0
6,Armenia,0.0,4.4311,20.99115,0.0,1.7739000000000003,1.1461,0.15695,0.38689999999999997,7.65405,7.4095,0.025550000000000003,0.19344999999999998,0.46720000000000006,0.05474999999999999,0.007300000000000001,0.04015,1.27385,0.0,0.0,0.67525,9.066600000000001,0.61685,14.39195,5.40385656292287,0.0956698240866035,4.84962787550744,0.458558863328823,2956000.0
7,Australia,0.0,5.1720500000000005,27.0903,0.0,1.1132499999999999,0.7884,0.50735,0.4526,13.03415,7.325550000000001,0.05840000000000001,0.2628,1.4527,0.029200000000000004,0.11315,0.047450000000000006,0.8906,0.0,0.0,1.81405,22.8782,0.2409,29.090500000000002,0.11050710569232,0.0035295488079521,0.100062126271647,0.0069154306127203,25754000.0
8,Austria,0.0,15.64025,33.8647,0.0,1.4964999999999997,1.4782499999999998,0.5183,0.27375,9.8696,6.26705,0.0,0.09125,1.38335,0.014600000000000002,0.12410000000000002,0.05474999999999999,0.5402,0.0,0.0,1.022,21.823349999999998,0.24820000000000003,26.988099999999996,4.07124747588064,0.0702378281355172,3.75702266098272,0.243986986762396,8914000.0
9,Azerbaijan,0.0,3.35435,13.81525,0.0,2.3433,0.8686999999999999,0.09125,0.2555,5.1611,4.26685,0.007300000000000001,0.06935000000000001,0.0803,0.01095,0.007300000000000001,0.07300000000000001,0.58765,0.0,0.0,0.9709,3.07695,0.28105,7.690550000000001,2.16700633161852,0.026414721013059,1.86268302334784,0.277908587257618,10108000.0
10,Bahamas,0.0,2.3870999999999998,15.82275,0.0,1.90165,0.6716,0.78475,0.47085000000000005,9.15785,2.6864,0.18615,0.13505,1.3651000000000002,0.01095,0.14235,0.018250000000000002,0.48910000000000003,0.0,0.0,0.23725,5.3217,0.20804999999999998,10.3514,2.00687022900763,0.0435114503816794,1.58753180661578,0.375826972010178,393000.0
11,Bangladesh,0.0,0.3066,2.4381999999999997,0.0,1.73375,0.3139,0.53655,0.10585,0.45625,0.79935,0.0036500000000000005,0.029200000000000004,0.15695,0.13505,0.2628,0.05474999999999999,0.007300000000000001,0.0036500000000000005,0.0,0.0657,7.347449999999999,0.07665,9.95355,0.302987474162147,0.0044614831958259,0.270101113604108,0.0284248773622128,169809000.0
12,Barbados,0.0,2.69005,17.498099999999997,0.0,1.4344500000000002,0.8212499999999999,1.22275,0.3139,8.89505,3.8033,0.21899999999999997,0.0657,2.20825,0.15695,0.21534999999999996,0.07300000000000001,0.40880000000000005,0.0,0.0,0.52925,10.621500000000001,0.17155,16.35565,0.137630662020906,0.0024390243902439,0.111149825783972,0.0240418118466899,287000.0
13,Belarus,0.0,7.190499999999999,21.77225,0.0,4.3946,1.44175,0.47085000000000005,0.2117,10.5704,1.8870500000000001,0.047450000000000006,0.2117,0.4015,0.0,0.014600000000000002,0.17884999999999998,0.7665000000000001,0.0,0.0,0.9562999999999999,16.64765,0.31024999999999997,23.9367,2.09304533333333,0.0152853333333333,1.89975466666667,0.178005333333333,9375000.0
14,Belgium,0.0,14.370049999999999,30.437350000000002,0.0,1.5403,1.33225,0.7044499999999999,0.2701,6.4677999999999995,7.40585,0.0,0.15695,0.59495,0.04015,0.11315,0.0876,0.09490000000000001,0.0,0.0,1.3724,22.02775,0.33945000000000003,26.48075,5.62995223621363,0.170047763786366,0.0,5.45990447242727,11515000.0
15,Belize,0.0,5.7743,14.001399999999999,0.0,1.7958,0.39785000000000004,0.24455000000000002,0.17884999999999998,6.0882000000000005,1.4746000000000001,0.11680000000000001,0.018250000000000002,0.8541,0.22265,0.029200000000000004,0.018250000000000002,0.4745,0.0,0.0,0.2263,11.39165,0.12410000000000002,15.428550000000001,2.57183770883055,0.0591885441527446,2.33770883054893,0.174940334128878,419000.0
16,Benin,0.0,0.20440000000000003,2.6207,0.0,1.9929,0.0876,0.365,0.08395,1.3943,0.52925,0.01095,0.04015,3.0988500000000005,0.27740000000000004,1.1023,0.45990000000000003,0.047450000000000006,0.0,0.0,0.81395,10.55945,0.1533,18.60405,0.0266278974526988,0.0003603898763207,0.0250716684413138,0.0011958391350643,12209000.0
17,Bolivia,,,,,,,,,,,,,,,,,,,,,,,,1.38386486718817,0.0788704547408235,1.13908707985902,0.165907332588326,11633000.0
18,Bosnia and Herzegovina,0.0,1.46365,14.753300000000001,0.0,2.19,0.50005,0.1825,0.35769999999999996,5.8035000000000005,6.74155,0.05474999999999999,0.06205000000000001,0.55115,0.12045,1.3286,0.0803,1.4855500000000001,0.0,0.0,0.57305,7.96065,0.47085000000000005,15.1767,3.41795184395002,0.124535202682109,2.36763181956721,0.925784821700701,3281000.0
19,Botswana,0.0,1.9564000000000001,8.033650000000002,0.0,3.4018,0.12775,0.17155,0.0803,1.64615,4.0369,0.09125,0.09855,0.5548000000000001,0.05474999999999999,0.25915,0.09125,0.3504,0.0,0.0,0.07300000000000001,10.5996,0.0876,15.6439,0.638972809667674,0.0018126888217522,0.523780750971083,0.113379369874838,2317000.0
20,Brazil,0.0,3.9675499999999997,22.6008,0.0,1.02565,0.7008,0.17155,0.22995000000000002,12.99765,4.69755,0.0,0.06935000000000001,1.5549,0.22995000000000002,0.007300000000000001,0.10949999999999999,0.10585,0.03285,0.01095,0.1606,19.2939,0.10949999999999999,22.86725,3.63557211111741,0.0922568126451759,3.2365361735879,0.306779124884331,211812000.0
21,Bulgaria,0.0,5.59545,18.9216,0.0,1.2884499999999999,0.85045,0.23725,0.18980000000000002,6.5189,5.5553,0.018250000000000002,0.16425,1.1534,0.03285,0.4306999999999999,0.025550000000000003,0.1314,0.0,0.0,0.23725,12.253050000000002,0.17155,15.9286,2.92392088927386,0.10977335065685,1.73730330590443,1.07684423271257,6927000.0
22,Burkina Faso,0.0,0.29565,3.5770000000000004,0.0,5.21585,0.20075,0.1825,0.0219,1.7666,1.06945,0.007300000000000001,0.06205000000000001,5.90205,0.26644999999999996,0.047450000000000006,0.018250000000000002,0.01095,0.0,0.0,0.1314,9.47905,0.03285,21.1408,0.0326651676792805,0.0004066401951872,0.0246471798306463,0.0076113476534468,20903000.0
23,Cabo Verde,0.0,2.1462,10.9792,0.0,2.5659500000000004,0.4234,0.2628,0.09490000000000001,4.96035,3.1426499999999997,0.08395,0.04015,0.7409499999999999,0.2263,0.48545,0.047450000000000006,0.20804999999999998,0.0,0.0,0.0876,9.33305,0.1533,14.01965,2.13525179856115,0.0203237410071942,2.08075539568345,0.0341726618705036,556000.0
24,Cambodia,0.0,0.2117,4.51505,0.0,2.2557,0.13505,1.1607,0.05840000000000001,2.8214500000000005,0.14965,0.03285,0.03285,1.9856000000000003,0.0657,0.12045,0.0876,0.014600000000000002,0.018250000000000002,0.0,0.07300000000000001,2.69005,0.06205000000000001,7.4606,0.0024456346389623,0.0,0.0023359359876105,0.0001096986513518,15497000.0
25,Cameroon,0.0,0.3066,2.4747000000000003,0.0,2.7302000000000004,0.029200000000000004,0.35405,0.31024999999999997,1.31765,0.43799999999999994,0.01095,0.03285,3.81425,0.33215,0.29200000000000004,0.20804999999999998,0.047450000000000006,0.0,0.0,0.04015,9.081199999999999,0.21534999999999996,17.081999999999997,0.100939920294759,0.0016843371682081,0.0935859839085646,0.0056695992179863,26598000.0
26,Canada,0.0,10.946349999999999,25.90405,0.0,1.7264500000000003,1.39065,0.4745,0.4745,8.7454,4.33985,0.06935000000000001,0.007300000000000001,2.63895,0.22265,0.10949999999999999,0.0657,0.20075,0.0,0.0,1.35415,22.892799999999998,0.24820000000000003,30.006649999999997,1.53286200576067,0.0409636030374444,1.29467661691542,,38190000.0
27,Central African Republic,0.0,1.0293,6.635699999999999,0.0,0.9891500000000001,0.04015,0.1971,0.17884999999999998,4.6209,0.6204999999999999,0.0036500000000000005,0.12410000000000002,2.5112,0.17155,0.0036500000000000005,0.37960000000000005,0.014600000000000002,0.0,0.0,0.0,6.971500000000001,0.03285,11.2566,0.102753623188406,0.0013043478260869,0.0398343685300207,0.0616149068322981,4830000.0
28,Chad,0.0,1.30305,7.02625,0.0,3.3287999999999998,0.029200000000000004,0.2701,0.029200000000000004,3.2740500000000003,1.8468999999999998,0.0036500000000000005,0.30295,6.997050000000001,0.22265,0.0,0.0803,0.01095,0.0,0.0,0.0,3.1317000000000004,0.01095,13.81525,0.012685903892872,0.0006162232624281,0.0100965811459383,0.0019730994845055,16877000.0
29,Chile,0.0,3.3945000000000003,20.98385,0.0,2.05495,0.90885,0.3358,0.2701,13.0451,3.2777,0.0219,0.025550000000000003,0.7482499999999999,0.13505,0.018250000000000002,0.11680000000000001,0.28105,0.0,0.0,0.46720000000000006,6.997050000000001,0.1679,11.27485,3.14619414483821,0.0855675398048279,2.97484848484848,0.0857781201848998,19470000.0
30,China,0.0,1.7264500000000003,21.6153,0.0,2.2557,2.3834500000000003,0.5767,0.2409,15.76435,1.02565,0.007300000000000001,0.13870000000000002,2.2411,0.025550000000000003,0.03285,0.11315,0.0219,0.0,0.0,0.5256,7.723400000000001,0.8176000000000001,14.001399999999999,0.0068471211543192,0.0003409905268524,0.0064198490428805,8.62815845862584e-05,1402385000.0
31,Colombia,0.0,1.1023,13.238550000000002,0.0,1.0731,1.1023,0.22995000000000002,0.7592000000000001,7.0518,3.68285,0.01095,0.07300000000000001,0.6095499999999999,0.10220000000000001,0.07665,0.1752,0.16425,0.0,0.0,0.32485,14.278799999999999,0.11315,17.69155,3.34697839980584,0.0879682064557884,3.07529326106302,0.183716932287032,49444000.0
32,Congo,0.0,0.11680000000000001,4.47855,0.0,0.9307499999999999,0.047450000000000006,0.63875,0.28835,3.32515,0.23360000000000003,0.018250000000000002,0.11680000000000001,1.7373999999999998,0.051100000000000007,0.0036500000000000005,0.3723,0.17884999999999998,0.0,0.0,0.007300000000000001,8.96075,0.20075,12.7458,0.452265313519391,0.0126676332004349,0.372363175063429,0.0672345052555274,5518000.0
33,Costa Rica,0.0,4.84355,16.322799999999997,0.0,1.3286,0.9125,0.7373000000000001,0.4526,4.4822,5.29615,0.01095,0.0438,0.8249,0.19344999999999998,0.03285,0.04015,0.3212,0.0,0.01095,0.28105,19.750149999999998,0.13505,23.3819,3.31287419291724,0.0427509293680297,2.5811582860497,0.688964977499511,5111000.0
34,Cote d'Ivoire,,,,,,,,,,,,,,,,,,,,,,,,0.0862005730659026,0.0005272206303724,0.0839770773638969,0.0016962750716332,26175000.0
35,Croatia,0.0,6.223249999999999,24.553549999999998,0.0,2.47105,0.79205,0.47085000000000005,0.21534999999999996,9.60315,7.351100000000001,0.0,0.10949999999999999,1.51475,0.014600000000000002,0.05474999999999999,0.03285,2.2338,0.0,0.0,0.5840000000000001,9.7893,0.3285,17.23895,5.27380597014925,0.0985323383084577,4.97064676616915,0.204626865671642,4020000.0
36,Cuba,0.0,1.6936,13.618150000000002,0.0,2.35425,0.77745,0.13870000000000002,0.32485,8.4242,2.50755,0.007300000000000001,0.07665,1.4162,0.3285,0.0219,0.1971,0.07665,0.0,0.0,0.0036500000000000005,7.64675,0.29200000000000004,12.669149999999998,0.106869958337027,0.0012942115060721,0.0917028632213456,0.0138728836096091,11281000.0
37,Cyprus,0.0,1.5220500000000001,17.060100000000002,0.0,2.8177999999999996,0.8176000000000001,0.59495,0.29565,8.588450000000002,5.449450000000001,0.1314,0.08395,1.7227999999999997,0.051100000000000007,0.0438,0.03285,1.5658500000000002,0.0,0.0,0.7008,16.067300000000003,0.2117,23.6447,1.89047224523612,0.0105219552609776,0.170422535211268,1.70952775476388,1207000.0
38,Czechia,0.0,10.03385,26.031799999999997,0.0,1.2409999999999999,0.85045,0.31024999999999997,0.19344999999999998,8.91695,5.84,0.0219,0.0803,0.511,0.036500000000000005,0.0657,0.05840000000000001,0.9891500000000001,0.0,0.0,0.4306999999999999,21.954749999999997,0.17884999999999998,25.68505,6.83111235535648,0.109285181037701,5.59978536767451,1.12204180664427,10716000.0
39,Denmark,0.0,13.65465,33.93405,0.0,1.41255,1.67535,1.08405,0.5036999999999999,8.8549,8.4461,0.0,0.21899999999999997,0.6862,0.014600000000000002,0.1679,0.051100000000000007,1.6169499999999999,0.0,0.0,1.1351499999999999,8.12125,0.2701,13.97585,2.85755704237434,0.0226797049236576,2.25407445530966,0.580802882141019,5829000.0
40,Djibouti,0.0,0.6132,4.876399999999999,0.0,1.9308500000000002,0.10949999999999999,0.12775,0.05474999999999999,2.2484,1.6936,0.06205000000000001,0.08395,0.18980000000000002,0.24455000000000002,0.13870000000000002,0.014600000000000002,0.24820000000000003,0.0,0.0,0.1825,13.807949999999998,0.20075,17.07835,0.591093117408907,0.0061740890688259,0.580465587044534,0.0044534412955465,988000.0
41,Dominica,0.0,2.2264999999999997,15.74975,0.0,0.8723500000000001,0.2117,0.96725,0.6935,8.033650000000002,4.23035,0.0657,0.0803,2.8177999999999996,0.0803,0.27375,0.2847,1.0438999999999998,0.0,0.0,0.018250000000000002,7.20875,0.13505,13.50135,0.122222222222222,0.0,0.115277777777778,0.0069444444444444,72000.0
42,Dominican Republic,0.0,1.73375,11.899000000000001,0.0,1.1315,0.8759999999999999,0.19344999999999998,2.81415,5.74145,3.20835,0.03285,0.14600000000000002,2.2666500000000003,0.14965,0.047450000000000006,0.06205000000000001,0.2263,0.0,0.0,0.05474999999999999,20.1626,0.09490000000000001,27.04285,1.64017142857143,0.0230095238095238,1.25279047619048,0.364371428571429,10500000.0
43,Ecuador,0.0,3.07695,13.6437,0.0,2.3907499999999997,0.66795,0.16425,0.2847,5.7013,3.9638999999999998,0.018250000000000002,0.0657,0.55845,0.04015,0.025550000000000003,0.05474999999999999,0.12045,0.0,0.0,0.051100000000000007,15.355550000000001,0.05474999999999999,18.954449999999998,1.21853691965051,0.0802409913768488,1.05366341156987,0.0846325167037862,17511000.0
44,Egypt,0.0,1.41985,6.635699999999999,0.0,5.5991,0.3504,0.5475,0.2993,2.68275,1.50745,0.0036500000000000005,0.12410000000000002,1.85055,0.0657,0.09855,0.0803,0.03285,0.029200000000000004,0.0,0.12410000000000002,5.64655,0.27375,14.107249999999999,0.138359969445354,0.0076257651061972,0.111927224388163,0.0188069799509935,100803000.0
45,El Salvador,0.0,2.9966500000000003,10.9281,0.0,3.84345,0.7519000000000001,0.2117,0.6716,3.12075,3.8215500000000002,0.047450000000000006,0.025550000000000003,2.37615,0.27375,0.014600000000000002,0.0657,0.1533,0.0,0.0,0.05474999999999999,4.807049999999999,0.2117,12.519499999999999,0.709149822558247,0.020475235303194,0.709149822558247,0.0540811603147662,6481000.0
46,Estonia,0.0,5.0771500000000005,25.812800000000003,0.0,2.25205,1.23005,0.21899999999999997,0.29565,8.103,11.09235,0.014600000000000002,0.09125,0.2847,0.051100000000000007,0.14965,0.06935000000000001,2.16445,0.0,0.0,0.9709,6.5626999999999995,0.22265,13.04145,2.13418482344102,0.0175807663410969,1.42952667167543,0.687077385424493,1331000.0
47,Eswatini,0.0,0.99645,6.5992,0.0,3.80695,0.14965,0.11680000000000001,0.14965,3.5259,1.7227999999999997,0.036500000000000005,0.0876,1.0804,0.0657,0.25915,0.10220000000000001,0.018250000000000002,0.0,0.0,0.20804999999999998,3.4711499999999997,0.06205000000000001,9.26005,0.858876811594203,0.0195652173913043,0.640670289855072,0.198641304347826,1104000.0
48,Ethiopia,0.0,0.28105,2.18635,0.0,2.23015,0.0438,0.01095,0.0803,0.8176000000000001,1.0001,0.0,0.03285,0.5256,0.50005,0.5256,0.15695,0.0036500000000000005,0.0,0.0,0.14600000000000002,3.4090999999999996,0.025550000000000003,7.5993,0.108472275401163,0.0016855790316405,0.0976809147551255,0.0091057816143966,114916000.0
49,Fiji,0.0,5.34725,13.943000000000001,0.0,1.0512,0.4015,1.022,0.05840000000000001,5.858250000000001,1.2483,0.018250000000000002,0.0657,6.2341999999999995,0.20804999999999998,0.09125,0.24820000000000003,0.3066,0.0,0.0,0.10220000000000001,12.39175,0.12045,20.8342,0.00546875,0.0002232142857142,0.0049107142857142,0.0003348214285714,896000.0
50,Finland,0.0,6.500649999999999,37.4271,0.0,1.8213500000000002,0.8686999999999999,0.9562999999999999,0.29565,16.98345,12.041350000000001,0.11680000000000001,0.0803,0.6132,0.018250000000000002,0.0438,0.05474999999999999,0.79935,0.0,0.0,0.5256,9.0301,0.20804999999999998,13.526900000000001,0.658401157533008,0.0101465002712968,0.524507144149032,0.123747513112679,5529000.0
51,France,0.0,10.588650000000001,34.8283,0.0,1.6498,1.1388,1.0073999999999999,0.4453,12.760399999999999,9.1542,0.018250000000000002,0.17884999999999998,0.7884,0.029200000000000004,0.03285,0.047450000000000006,0.7227,0.0,0.0,0.98185,17.80105,0.20440000000000003,22.72125,4.15308592546966,0.0999260856174931,0.309242377579304,3.74391746227287,64940000.0
52,French Polynesia,0.0,4.26685,23.01325,0.0,3.4090999999999996,0.7519000000000001,1.4490500000000002,0.1825,12.8772,3.5514500000000004,0.26644999999999996,0.11680000000000001,4.3508000000000004,0.036500000000000005,0.018250000000000002,0.06935000000000001,1.1607,0.0,0.0,0.29200000000000004,12.807850000000002,0.12775,22.72125,,,,,280000.0
53,Gabon,0.0,0.30295,7.90955,0.0,1.6863,0.0803,0.83585,0.2628,5.5042,0.9417000000000001,0.05840000000000001,0.24455000000000002,3.6719000000000004,0.0036500000000000005,0.0,0.23725,0.29200000000000004,0.0,0.0,0.007300000000000001,6.3145,0.08395,12.618050000000002,0.429000448229494,0.0028686687584043,0.420797848498431,0.005333930972658,2231000.0
54,Gambia,0.0,0.14965,3.5478000000000005,0.0,2.9017500000000003,0.12410000000000002,0.79205,0.0219,0.79205,1.6717,0.036500000000000005,0.018250000000000002,7.325550000000001,0.018250000000000002,0.0,0.007300000000000001,0.05840000000000001,0.0,0.0,0.13870000000000002,15.26065,0.0438,25.812800000000003,0.157219693835333,0.0051303268514687,0.151799751758378,0.0002896152254861,2417000.0
55,Georgia,0.0,3.71205,12.921000000000001,0.0,2.3360000000000003,0.60225,0.21899999999999997,0.10585,3.69745,4.6428,0.05474999999999999,0.051100000000000007,0.3504,0.0,0.036500000000000005,0.047450000000000006,1.41985,0.0,0.0,0.5913,7.595649999999999,0.10220000000000001,12.636299999999999,6.14831763122476,0.0680484522207268,5.787133243607,0.293135935397039,3715000.0
56,Germany,0.0,11.906299999999998,30.437350000000002,0.0,1.27385,1.1315,0.7592000000000001,0.2847,9.63965,6.953250000000001,0.0,0.051100000000000007,0.9636,0.01095,0.09125,0.0657,0.7153999999999999,0.0,0.0,1.8104,18.18795,0.23360000000000003,23.641049999999996,2.11601080432173,0.0409903961584634,1.66715966386555,0.407860744297719,83300000.0
57,Ghana,0.0,0.23725,2.263,0.0,1.6717,0.10220000000000001,0.8176000000000001,0.35769999999999996,0.9307499999999999,0.12410000000000002,0.014600000000000002,0.051100000000000007,3.212,0.11680000000000001,0.37595000000000006,0.5913,0.0,0.0,0.0,0.025550000000000003,6.01885,0.07300000000000001,12.4538,0.1767772664371,0.0010781063946191,0.173005503169955,0.0026936568725259,31073000.0
58,Greece,0.0,1.87245,19.73555,0.0,1.46365,0.8541,0.35769999999999996,0.27375,7.30365,9.187050000000001,0.03285,0.15695,2.0294,0.0876,0.05474999999999999,0.047450000000000006,0.8541,0.0,0.0,2.0732,28.141499999999997,0.3139,35.375800000000005,1.30324299065421,0.0456168224299065,0.876299065420561,0.381327102803738,10700000.0
59,Grenada,0.0,1.4344500000000002,13.304250000000001,0.0,0.85775,0.8321999999999999,0.7409499999999999,1.63885,7.467900000000001,2.77765,0.07300000000000001,0.047450000000000006,1.9125999999999999,0.10949999999999999,0.50735,0.04015,0.5036999999999999,0.0,0.0,0.0803,9.7309,0.06205000000000001,15.512500000000001,0.112389380530973,0.0,0.0946902654867257,0.0176991150442478,113000.0
60,Guatemala,0.0,0.7811,6.84375,0.0,4.16465,1.1607,0.0657,0.5548000000000001,3.1353500000000003,1.6571,0.01095,0.0438,1.679,0.2555,0.05474999999999999,0.01095,0.1679,0.0,0.0,0.41245,7.89495,0.11315,15.31905,0.765172146573674,0.0266799512897155,0.700797077382929,0.0376951179010296,18066000.0
61,Guinea,0.0,0.37960000000000005,3.0513999999999997,0.0,2.3652,0.15695,0.25184999999999996,0.17155,1.4563500000000003,0.7482499999999999,0.018250000000000002,0.05840000000000001,3.34705,0.0876,0.0,0.1679,0.1314,0.0,0.0,0.0036500000000000005,15.37745,0.3942,22.06425,0.10937898089172,0.0006449044585987,0.104721337579618,0.0040127388535031,12560000.0
62,Guinea-Bissau,0.0,0.28835,4.9786,0.0,1.32495,0.06935000000000001,0.03285,0.13505,3.7011,0.82855,0.025550000000000003,0.05840000000000001,0.7884,0.036500000000000005,0.0,0.09125,0.10220000000000001,0.0,0.0,1.5220500000000001,13.939349999999997,0.036500000000000005,18.0018,0.127244421380384,0.0023352361183186,0.124390243902439,0.0005189413596263,1927000.0
63,Guyana,0.0,0.4818,10.9354,0.0,1.39795,0.1606,0.5621,0.7227,6.0371,3.66825,0.0438,0.025550000000000003,4.4968,0.18615,0.41609999999999997,0.06205000000000001,0.4453,0.0,0.0,0.4234,4.358099999999999,0.5548000000000001,13.107149999999999,0.806607369758577,0.0208386277001271,0.74561626429479,0.0401524777636595,787000.0
64,Haiti,0.0,0.56575,3.93105,0.0,1.8614999999999997,0.0438,0.12045,0.5438500000000001,2.555,0.60225,0.018250000000000002,0.0438,1.0731,0.27375,0.0,0.17884999999999998,0.11680000000000001,0.0,0.007300000000000001,0.0,8.1395,0.04015,12.2494,0.0878277646233447,0.0020696307989125,0.0756292203806016,0.0101289134438306,11403000.0
65,Honduras,0.0,1.3432,8.43515,0.0,4.1975,0.37595000000000006,0.0657,0.18980000000000002,3.9675499999999997,2.63895,0.03285,0.0438,0.29565,0.2117,0.014600000000000002,0.01095,0.19344999999999998,0.0,0.0,0.051100000000000007,11.54495,0.05840000000000001,16.8046,1.24669505271695,0.0320356853203569,0.577210056772101,0.637449310624493,9864000.0
66,Hungary,0.0,13.793349999999998,32.49595,0.0,1.4271500000000001,1.34685,0.21899999999999997,0.14235,11.271199999999999,5.8618999999999994,0.0,0.0036500000000000005,0.4015,0.0438,0.12410000000000002,0.0438,0.82855,0.0,0.0,0.051100000000000007,20.2502,0.2263,23.535200000000003,3.33037780280536,0.0989761441589024,1.60809869970308,1.62330295894338,9767000.0
67,Iceland,0.0,8.6578,41.945800000000006,0.0,5.23775,1.095,2.05495,0.6059,16.56735,13.4028,0.14600000000000002,0.16425,1.0877000000000001,0.014600000000000002,0.1314,0.036500000000000005,1.85785,0.0,0.0,0.6095499999999999,9.01915,0.20440000000000003,18.954449999999998,1.56358695652174,0.0078804347826087,1.51576086956522,0.039945652173913,368000.0
68,India,0.0,3.10615,6.66125,0.0,2.1243000000000003,0.31755,0.15695,0.1679,0.37595000000000006,2.6937,0.0,0.01095,1.55125,0.45990000000000003,0.33215,0.03285,0.007300000000000001,0.0,0.0,0.20804999999999998,9.0374,0.16425,14.085350000000002,0.734712449110778,0.0106416684522534,0.705911077780159,0.0181597028783658,1400100000.0
69,Indonesia,0.0,0.2847,3.70475,0.0,2.701,0.58765,1.0147,0.28835,1.46365,0.2847,0.0,0.0657,2.9747500000000002,0.018250000000000002,0.15695,0.12410000000000002,0.20075,0.0,0.025550000000000003,0.1606,9.7309,0.10949999999999999,16.49435,0.276467492704397,0.0082170759441964,0.227400557152267,0.0408498596079326,271739000.0
70,Iran (Islamic Republic of),0.0,3.4237000000000006,9.5995,0.0,3.1682,0.7519000000000001,0.34675,0.35405,3.5003499999999996,1.4964999999999997,0.0,0.0803,0.22995000000000002,0.1679,0.12045,0.09855,0.025550000000000003,0.0,0.0,2.7813,11.508450000000002,0.2993,18.75735,1.46337373737374,0.0657599524658348,1.18308972073678,0.214524064171123,84150000.0
71,Iraq,0.0,1.9308500000000002,5.63925,0.0,3.1791500000000004,0.9636,0.07300000000000001,0.11680000000000001,1.7812,0.87965,0.0219,0.014600000000000002,0.48545,0.06935000000000001,0.029200000000000004,0.014600000000000002,0.36865000000000003,0.0,0.0,0.3212,15.001500000000002,0.07665,19.6881,1.5008005034613,0.0322819383259912,1.35888483322845,0.10963373190686,39725000.0
72,Ireland,0.0,8.92425,28.0393,0.0,2.7959,0.95265,0.96725,0.29200000000000004,10.36965,6.756150000000001,0.029200000000000004,0.07300000000000001,0.8906,0.04015,0.07300000000000001,0.05474999999999999,1.5622,0.0,0.0,0.8686999999999999,16.702399999999997,0.24820000000000003,23.564400000000003,1.86951828902658,0.0449330401758945,0.466999800119928,1.35758544873076,5003000.0
73,Israel,0.0,1.4563500000000003,17.9799,0.0,1.8286499999999999,0.9891500000000001,0.6533500000000001,1.825,9.270999999999999,5.5078499999999995,0.029200000000000004,0.09855,3.5003499999999996,0.1825,0.06935000000000001,0.04015,0.9453499999999999,0.0,0.0,1.5001499999999999,28.626950000000004,0.32485,38.86885,4.64963107638889,0.0364149305555556,4.12228732638889,0.490928819444444,9216000.0
74,Italy,0.0,5.9641,24.18855,0.0,1.5038000000000002,1.16435,0.8103,0.28105,9.636,6.540800000000001,0.0219,0.06935000000000001,0.5256,0.09490000000000001,0.01095,0.03285,0.11680000000000001,0.0,0.0,1.5841,26.6815,0.25184999999999996,31.10895,3.53153774711424,0.123757794878599,2.45453761443545,0.953242337800186,60296000.0
75,Jamaica,0.0,3.5441500000000006,13.2568,0.0036500000000000005,1.2848,0.18615,0.7008,0.24820000000000003,5.46405,3.2777,0.06205000000000001,0.08395,1.97465,0.051100000000000007,0.8212499999999999,0.12410000000000002,0.20075,0.0,0.0,0.0803,10.43535,0.1679,15.4541,0.459772160911356,0.0107867568529726,0.374937700249199,0.0740477038091848,2809000.0
76,Japan,0.0,1.22275,12.4538,0.0036500000000000005,1.1935499999999999,2.0002,2.0914500000000005,0.12045,5.0151,2.05495,0.018250000000000002,0.0657,1.9089500000000001,0.0219,0.09125,0.03285,0.52925,0.0036500000000000005,0.0,0.41609999999999997,15.001500000000002,0.22265,19.5567,0.189786213849659,0.0026530758055681,0.153657704001842,0.0334754340422492,125967000.0
77,Jordan,0.0,1.2409999999999999,8.1395,0.0,2.4819999999999998,0.34675,0.2117,0.1314,3.85805,2.4236,0.025550000000000003,0.05840000000000001,1.6643999999999999,0.17155,0.07665,0.036500000000000005,0.39785000000000004,0.0,0.0,0.5986,19.286600000000004,0.17884999999999998,25.04995,2.76959453132316,0.0360614289727503,2.5455005150295,0.18803258732091,10679000.0
78,Kazakhstan,0.0,2.85065,21.99855,0.0,1.6352000000000002,0.84315,0.12410000000000002,0.1679,9.0885,8.927900000000001,0.036500000000000005,0.16425,0.6095499999999999,0.007300000000000001,0.025550000000000003,0.10220000000000001,0.9344000000000001,0.0,0.0,0.71905,20.410800000000002,0.3285,24.973300000000002,1.078688874653,0.0147608370702541,0.943700619261157,0.120227418321589,18732000.0
79,Kenya,0.0,0.61685,5.83635,0.0,3.2813499999999998,0.11315,0.09125,0.35405,2.1608,2.7959,0.0,0.06205000000000001,0.55115,0.27740000000000004,0.018250000000000002,0.08395,0.0219,0.0,0.0,0.1971,5.7597,0.06935000000000001,10.621500000000001,0.180492452548199,0.0031404124943954,0.147216410103124,0.03013562995068,53528000.0
80,Kiribati,0.0,0.56575,8.0081,0.0,1.4818999999999998,0.20075,2.3360000000000003,0.26644999999999996,4.6939,0.19344999999999998,0.03285,0.014600000000000002,21.64085,0.0,0.01095,0.1825,0.014600000000000002,0.0,0.0,0.6132,5.5261000000000005,0.10585,29.875249999999998,,,,,125000.0
81,"Korea, North",,,,,,,,,,,,,,,,,,,,,,,,,,,,25779000.0
82,"Korea, South",,,,,,,,,,,,,,,,,,,,,,,,0.120880245649949,0.001819200092698,0.0841582819953265,0.0349027635619243,51781000.0
83,Kuwait,0.0,1.66805,15.37015,0.0,2.3834500000000003,1.7958,0.28835,0.2701,7.3949,4.07705,0.08395,0.14600000000000002,1.0366,0.1533,0.41609999999999997,0.036500000000000005,1.18625,0.0,0.0,0.9125,16.39215,0.39055,23.2651,3.21613728416116,0.0199531016840759,3.12890641654232,0.0672777659347687,4691000.0
84,Kyrgyzstan,0.0,1.6863,14.24595,0.0,2.00385,0.4234,0.0438,0.11680000000000001,4.9786,6.949599999999999,0.0219,0.16425,0.0438,0.09490000000000001,0.047450000000000006,0.09125,1.05485,0.0,0.0,0.77745,5.6064,0.3504,10.216349999999998,1.23075523202912,0.0205641492265696,1.15480740066727,0.0553836821352745,6594000.0
85,Lao People's Democratic Republic,0.0,1.4818999999999998,8.095699999999999,0.0,3.40545,0.18615,0.63145,0.3285,5.62465,0.08395,0.03285,0.08395,2.09875,0.051100000000000007,0.39055,0.11680000000000001,0.029200000000000004,0.06935000000000001,0.0,0.025550000000000003,3.65365,0.41609999999999997,10.621500000000001,0.0005661419497376,0.0,0.0005523336095001,1.38083402375035e-05,7242000.0
86,Latvia,0.0,9.50825,27.714450000000003,0.0,1.3943,1.22275,0.803,0.22995000000000002,8.9206,7.157649999999999,0.03285,0.10220000000000001,0.5767,0.0,0.029200000000000004,0.12045,1.825,0.0,0.0,0.803,12.559649999999998,0.23725,17.811999999999998,2.18796004206099,0.0338590956887487,1.52565720294427,0.62844374342797,1902000.0
87,Lebanon,0.0,1.4162,8.1176,0.0,1.4746000000000001,0.21534999999999996,0.2409,0.37960000000000005,3.3616500000000005,2.85065,0.025550000000000003,0.03285,1.85785,0.14235,0.05474999999999999,0.07665,0.4745,0.0,0.0,1.9053,17.9726,0.24455000000000002,24.608300000000003,2.69432967032967,0.0216703296703297,1.87485714285714,0.797802197802198,6825000.0
88,Lesotho,0.0,0.1679,4.113549999999999,0.0,5.8327,0.07665,0.0803,0.047450000000000006,2.91635,0.7665000000000001,0.014600000000000002,0.10949999999999999,0.24820000000000003,0.12775,0.12410000000000002,0.05840000000000001,0.047450000000000006,0.0,0.0,0.01095,5.1903,0.05474999999999999,11.753,0.149673202614379,0.0023809523809523,0.0698412698412698,0.0774509803921569,2142000.0
89,Liberia,0.0,0.1679,3.0002999999999997,0.0,1.3578000000000001,0.10220000000000001,0.14965,0.05840000000000001,2.4272500000000004,0.09855,0.014600000000000002,0.05474999999999999,0.63875,0.014600000000000002,0.0,0.12410000000000002,0.047450000000000006,0.0,0.0,0.15695,14.72045,0.07665,17.20975,0.0351720047449585,0.0016409648082245,0.0277975484381178,0.005733491498616,5058000.0
90,Lithuania,0.0,7.3073,25.14485,0.0,1.387,1.4964999999999997,0.9636,0.2555,11.06315,4.2267,0.007300000000000001,0.0876,0.657,0.1825,0.1533,0.047450000000000006,0.26644999999999996,0.0,0.0,0.71905,9.89515,0.20075,13.7751,5.15042949176807,0.0568718682891911,2.54216177523264,2.55139584824624,2794000.0
91,Luxembourg,0.0,6.46415,32.379149999999996,0.0,1.8396000000000001,1.6607500000000002,0.69715,0.32485,16.275350000000003,7.2124000000000015,0.0657,0.0657,0.63875,0.014600000000000002,0.16425,0.03285,3.3762499999999998,0.0,0.0,0.12775,10.66165,0.2628,17.5127,7.34414556962025,0.0783227848101266,6.48386075949367,0.781962025316456,632000.0
92,Madagascar,0.0,0.2993,3.2740500000000003,0.0,1.7264500000000003,0.05840000000000001,0.12775,0.22265,1.9819499999999999,0.7592000000000001,0.0036500000000000005,0.051100000000000007,0.25915,0.05474999999999999,0.0438,0.15695,0.03285,0.0036500000000000005,0.0,0.036500000000000005,2.7228999999999997,0.03285,5.2998,0.0639702430392546,0.0009425445090462,0.0622151601603409,0.0008125383698674,27691000.0
93,Malawi,0.0,0.9052,6.5043,0.0,4.5114,0.09490000000000001,0.22995000000000002,0.4745,5.04795,0.13870000000000002,0.0036500000000000005,0.0876,1.9381499999999998,0.25915,0.018250000000000002,0.46720000000000006,0.01095,0.0,0.0,0.06935000000000001,2.9017500000000003,0.07665,10.72735,0.0349398849973863,0.0009984317825405,0.0298379508625196,0.0041035023523261,19130000.0
94,Malaysia,0.0,0.9855,11.4245,0.0,1.5256999999999998,1.8359500000000002,1.2373500000000002,0.11680000000000001,6.52255,0.8176000000000001,0.047450000000000006,0.0219,1.16435,0.0438,0.43799999999999994,0.0219,0.0,0.0,0.0,0.24820000000000003,18.07845,0.15695,21.841600000000003,0.351050913638998,0.0014459595497391,0.278121472804368,0.0714834812848906,32781000.0
95,Maldives,0.0,1.7045499999999998,10.47185,0.0,1.58775,1.1534,2.9601499999999996,0.16425,2.05495,2.60245,0.1606,0.0,0.4818,0.018250000000000002,0.41245,0.0219,0.6059,0.0,0.0,1.7519999999999998,1.7447000000000001,0.1825,7.132099999999999,2.55157116451017,0.0088724584103512,2.43068391866913,0.112014787430684,541000.0
96,Mali,0.0,0.53655,7.68325,0.0,5.3180499999999995,0.05840000000000001,0.17884999999999998,0.1314,2.4966,4.274150000000001,0.01095,0.13870000000000002,1.4855500000000001,0.2409,0.05474999999999999,0.05840000000000001,0.014600000000000002,0.0,0.0,0.58765,6.24515,0.1679,14.315299999999999,0.0355686138956101,0.001338205520715,0.0231791022665547,0.0110513061083403,20251000.0
97,Malta,0.0,5.74145,25.349249999999998,0.0,4.208449999999999,1.1972,1.12785,0.22995000000000002,9.1907,8.04825,0.014600000000000002,0.0438,1.2921,0.06935000000000001,0.06935000000000001,0.025550000000000003,2.31045,0.0,0.0,1.01105,8.10665,0.4453,17.782799999999998,2.47298850574713,0.0419540229885058,2.14137931034483,0.289655172413793,522000.0
98,Mauritania,0.0,0.9271,9.2272,0.0,2.2849,0.22995000000000002,0.2847,0.047450000000000006,3.0477499999999997,4.5844,0.036500000000000005,0.14965,0.26644999999999996,0.17884999999999998,0.0,0.01095,0.0876,0.0,0.0,0.0,14.293399999999998,0.0803,17.2864,0.313569892473118,0.007505376344086,0.25058064516129,0.0554838709677419,4650000.0
99,Mauritius,0.0,1.0621500000000001,9.40605,0.0,2.36885,0.53655,0.7628499999999999,0.10949999999999999,4.93115,2.0732,0.07300000000000001,0.04015,1.14245,0.1825,0.25184999999999996,0.018250000000000002,0.71905,0.0,0.0,0.1971,21.88175,0.12775,27.068399999999997,0.0416600790513834,0.000790513833992,0.0392094861660079,0.0016600790513834,1265000.0
100,Mexico,0.0,2.3944,17.50175,0.0,4.75595,1.679,0.3431,0.39055,9.72725,3.1974,0.0036500000000000005,0.1606,0.8723500000000001,0.1752,0.18615,0.018250000000000002,0.14965,0.0,0.0,0.5475,12.030400000000002,0.17884999999999998,19.30485,1.12462830224114,0.098994459747089,0.848071866783523,0.17756197571053,127792000.0
101,Mongolia,0.0,3.83615,25.6668,0.0,1.9089500000000001,0.41245,0.0219,0.029200000000000004,14.621900000000002,6.30355,0.036500000000000005,0.46720000000000006,0.0876,0.007300000000000001,0.0036500000000000005,0.029200000000000004,1.1388,0.0,0.0,0.05474999999999999,5.71955,0.09855,9.1104,0.0369532877119905,2.9753049687593e-05,0.025438857482892,0.0114846771794109,3361000.0
102,Montenegro,0.0,3.9638999999999998,33.4194,0.0,3.8033,1.17895,0.35405,0.37595000000000006,15.063550000000001,12.778649999999999,0.10220000000000001,0.07665,0.59495,0.0803,0.0438,0.025550000000000003,2.60245,0.0,0.0,0.85775,8.80015,0.2628,17.5492,7.81173633440515,0.109967845659164,6.23472668810289,1.46704180064309,622000.0
103,Morocco,0.0,1.7702499999999997,7.6248499999999995,0.0,3.53685,0.5694,0.6095499999999999,0.34675,3.4602000000000004,1.1023,0.0036500000000000005,0.11315,0.36135,0.07300000000000001,0.1971,0.047450000000000006,0.09855,0.0,0.0,0.9417000000000001,11.3442,0.14600000000000002,17.09295,1.2265520694259,0.0206525367156208,1.13940253671562,0.0664969959946596,35952000.0
104,Mozambique,0.0,0.33215,3.4383,0.0,2.6134000000000004,0.16425,0.25184999999999996,0.05474999999999999,2.0403499999999997,0.61685,0.01095,0.03285,0.35405,0.20804999999999998,0.007300000000000001,0.25184999999999996,0.029200000000000004,0.0,0.0,0.24455000000000002,7.570099999999999,0.047450000000000006,11.395299999999999,0.0603028941795546,0.0005358403388307,0.0535198613874094,0.0062471924533145,31166000.0
105,Myanmar,0.0,1.75565,15.20955,0.0,2.23015,0.5402,1.4855500000000001,0.1606,10.588650000000001,0.7482499999999999,0.0219,0.09125,2.98935,0.40515,0.31024999999999997,0.036500000000000005,0.014600000000000002,0.0,0.047450000000000006,0.15695,7.44235,0.17155,13.9868,,,,,54704000.0
106,Namibia,0.0,1.51475,7.6431000000000004,0.0,3.10615,0.12410000000000002,0.27740000000000004,0.12775,3.5514500000000004,2.0768500000000003,0.0438,0.09490000000000001,0.4015,0.1971,0.19344999999999998,0.2701,0.27375,0.0,0.0,0.05474999999999999,10.4609,0.06205000000000001,15.191299999999998,0.965958284140102,0.0081857536402991,0.815702479338843,0.14207005116096,2541000.0
107,Nepal,0.0,1.4672999999999998,5.4056500000000005,0.0,3.1791500000000004,0.19344999999999998,0.06935000000000001,0.24455000000000002,1.20085,2.4017,0.0036500000000000005,0.06935000000000001,0.20075,0.24455000000000002,0.50735,0.0876,0.10949999999999999,0.08395,0.0,0.22265,11.6289,0.26644999999999996,16.7754,0.870179357247633,0.0062141618882517,0.843802507000934,0.0201626883584478,29996000.0
108,Netherlands,0.0,6.285299999999999,28.502850000000002,0.0,1.20085,1.39795,0.7044499999999999,0.3285,10.263800000000002,9.825800000000001,0.0,0.025550000000000003,0.33945000000000003,0.029200000000000004,0.11680000000000001,0.0803,0.051100000000000007,0.0,0.0,1.4162,14.9796,0.22265,18.7683,4.67519322150341,0.0665483483139635,0.0552527623518635,4.55339211083758,17467000.0
109,New Caledonia,0.0,3.18645,19.3888,0.0,4.438400000000001,0.90885,0.73,0.19344999999999998,10.106850000000001,4.3946,0.24820000000000003,0.0657,2.8762,0.025550000000000003,0.05474999999999999,0.029200000000000004,1.21545,0.0,0.0,0.22265,14.673,0.16425,24.1411,,,,,295000.0
110,New Zealand,0.0,11.8771,29.002899999999997,0.0,1.12785,1.0293,0.55115,0.25915,11.847900000000001,3.65,0.0,0.051100000000000007,1.71915,0.0657,0.07300000000000001,0.05840000000000001,0.0803,0.0,0.0,1.1351499999999999,8.72715,0.2409,13.4904,0.0433527170643674,0.0005013033888109,0.0417485462201724,0.001102867455384,4987000.0
111,Nicaragua,0.0,1.0804,8.340250000000001,0.0,4.28145,0.46720000000000006,0.19344999999999998,0.06205000000000001,3.5259,3.01855,0.051100000000000007,0.051100000000000007,0.8906,0.21534999999999996,0.0036500000000000005,0.047450000000000006,0.1971,0.0,0.0,0.014600000000000002,8.98995,0.08395,14.83725,0.0916616130988478,0.0025015160703456,0.0640539721043056,0.0251061249241965,6596000.0
112,Niger,0.0,1.00375,4.1464,0.0,4.69755,0.0219,0.051100000000000007,0.09125,1.3724,1.63155,0.0036500000000000005,0.06935000000000001,5.069850000000001,0.5438500000000001,0.1314,0.018250000000000002,0.01095,0.0,0.0,0.0,4.0004,0.1679,14.74235,0.0140683781884328,0.0004382157178882,0.0075571540783,0.0060730083922444,24189000.0
113,Nigeria,0.0,0.29200000000000004,1.81405,0.0,2.5696,0.20804999999999998,0.21534999999999996,0.12410000000000002,0.8979,0.1679,0.0036500000000000005,0.03285,1.58775,0.1533,0.17155,0.45625,0.014600000000000002,0.0,0.0,0.08395,10.898900000000001,0.1971,16.260749999999998,0.0429741922964975,0.0006277287280488,0.0360788784321335,0.0062675851363151,206140000.0
114,North Macedonia,0.0,5.37645,14.819,0.0,1.4344500000000002,0.55115,0.17884999999999998,0.31024999999999997,4.9348,3.6572999999999998,0.03285,0.11315,1.5220500000000001,0.10220000000000001,0.36865000000000003,0.05840000000000001,1.2884499999999999,0.0,0.0,0.8833,16.3447,0.5621,22.9074,4.02610576923077,0.120673076923077,2.97802884615385,0.927403846153846,2080000.0
115,Norway,0.0,6.9605500000000005,29.40075,0.0,2.117,1.14975,1.679,0.43799999999999994,11.5559,7.9971499999999995,0.3504,0.05840000000000001,1.8396000000000001,0.09855,0.051100000000000007,0.051100000000000007,1.81405,0.0,0.0,0.95995,16.702399999999997,0.17884999999999998,24.60465,0.924503434193429,0.0080935585669203,0.334100612585855,0.582309263040653,5387000.0
116,Oman,0.0,1.33225,13.26775,0.0,2.12065,0.8103,0.5219499999999999,0.4453,5.0662,5.4166,0.018250000000000002,0.12045,0.6278,0.09490000000000001,0.40880000000000005,0.0219,0.61685,0.0,0.0,0.3431,9.803899999999999,0.32485,14.82265,2.73428813918948,0.0318056439635052,2.58625079567155,0.116231699554424,4713000.0
117,Pakistan,0.0,4.8034,13.2933,0.0,2.2557,0.33215,0.0438,0.0657,1.87245,6.16485,0.0036500000000000005,0.07665,0.5840000000000001,0.14600000000000002,0.12045,0.018250000000000002,0.01095,0.03285,0.0,0.10220000000000001,10.09955,0.04015,13.4831,0.21922784466371,0.0046428894722549,0.198684710781208,0.0159002444102471,220940000.0
118,Panama,0.0,5.33265,15.067200000000001,0.0,2.2264999999999997,0.5219499999999999,0.50005,0.33215,5.2852,3.32515,0.07665,0.10585,0.82855,0.0876,0.0219,0.03285,0.60225,0.0,0.0,0.25184999999999996,9.42795,0.07300000000000001,13.950299999999999,5.83079617090824,0.0948867616156899,4.62124678963343,1.11466261965912,4283000.0
119,Paraguay,0.0,2.60245,13.28235,0.0,3.33975,1.04755,0.11680000000000001,0.26644999999999996,6.862,2.4856499999999997,0.018250000000000002,0.17155,1.3797,0.14235,0.014600000000000002,0.3723,0.35769999999999996,0.0,0.0,0.01095,14.26055,0.0803,20.242900000000002,1.49343900758098,0.0311784975878704,1.12993797381116,0.332322536181944,7255000.0
120,Peru,0.0,0.4015,6.55175,0.0,2.0294,0.77015,0.7081,0.59495,2.47835,2.0367,0.01095,0.15695,0.9307499999999999,0.21899999999999997,0.025550000000000003,0.24820000000000003,0.16425,0.0,0.0,0.08395,7.135750000000001,0.16425,11.607000000000001,3.09266695101146,0.114794053131855,2.89823909334633,0.0796338045332683,32824000.0
121,Philippines,0.0,2.9345999999999997,11.847900000000001,0.0,1.38335,0.41975,0.63875,0.28835,7.519,0.2263,0.01095,0.10949999999999999,0.8906,0.0219,0.025550000000000003,0.0876,0.14235,0.0,0.007300000000000001,0.3066,4.74865,0.14235,8.059199999999999,0.434217610717186,0.0084394192423869,0.401433642693533,0.0243445487812668,109581000.0
122,Poland,0.0,11.636199999999999,30.7987,0.0,1.5220500000000001,0.6716,0.45625,0.19344999999999998,12.51585,5.5115,0.0,0.007300000000000001,0.46720000000000006,0.029200000000000004,0.04015,0.10220000000000001,0.06935000000000001,0.0,0.0,0.41245,13.143650000000001,0.24820000000000003,16.227899999999998,3.40328919933278,0.0754691409507923,2.72696257297748,0.600857485404504,38368000.0
123,Portugal,0.0,10.168899999999999,28.028350000000003,0.0,2.31045,0.8468,1.0877000000000001,0.2993,10.96095,4.81435,0.014600000000000002,0.14600000000000002,0.4453,0.07300000000000001,0.0438,0.06205000000000001,1.4344500000000002,0.0,0.0,0.8103,19.1552,0.2993,24.9441,4.10169673330083,0.0679863481228669,3.30246708922477,0.731243295953194,10255000.0
124,Republic of Moldova,0.0,3.43465,13.28965,0.0,1.2811499999999998,0.77745,0.34675,0.14965,4.8983,3.7741000000000002,0.03285,0.06205000000000001,0.14235,0.014600000000000002,0.007300000000000001,0.0438,0.41609999999999997,0.0,0.0,0.05474999999999999,9.4389,0.17884999999999998,11.760299999999999,4.10913719943423,0.084978783592645,3.72562942008487,0.298528995756719,3535000.0
125,Romania,0.0,6.18675,24.60465,0.0,2.28855,1.4271500000000001,0.17884999999999998,0.2628,7.164949999999999,9.53745,0.03285,0.10949999999999999,0.49275,0.036500000000000005,0.4453,0.09855,0.7628499999999999,0.0,0.0,0.6095499999999999,14.808050000000001,0.4015,20.23195,3.30648614936854,0.0823294007587963,2.94353204095421,0.280624707655527,19241000.0
126,Russian Federation,0.0,5.77795,22.418300000000002,0.0,1.32495,1.5731499999999998,0.7555499999999999,0.17155,8.701600000000001,5.493250000000001,0.007300000000000001,0.11680000000000001,0.6278,0.0438,0.0219,0.11315,0.3358,0.0,0.0,0.10220000000000001,14.745999999999999,0.2117,17.706149999999997,2.14945513279221,0.0387084023362161,1.74021317631344,0.370533554142558,146733000.0
127,Rwanda,0.0,0.20804999999999998,2.2228499999999998,0.0,0.97455,0.03285,0.12775,1.9418,1.04755,0.7592000000000001,0.0036500000000000005,0.047450000000000006,0.7336499999999999,0.5402,0.01095,0.43434999999999996,0.01095,0.0,0.0,0.0036500000000000005,3.11345,0.051100000000000007,7.811,0.0653180975911056,0.0007257566399011,0.0509419394688079,0.0136504014823965,12952000.0
128,Saint Kitts and Nevis,0.0,3.3653000000000004,17.264499999999998,0.0,1.46365,0.39785000000000004,0.5183,0.2555,10.1981,2.6937,0.10220000000000001,0.0876,2.06225,0.10949999999999999,0.14600000000000002,0.03285,0.12775,0.0,0.0,0.36865000000000003,13.50135,0.0876,18.260949999999998,0.0592592592592593,0.0,0.0537037037037037,0.0055555555555555,54000.0
129,Saint Lucia,0.0,2.3068,20.17355,0.0,1.01105,0.31755,0.95995,0.2263,13.840800000000002,2.60975,0.09855,0.14235,1.4527,0.10949999999999999,0.25184999999999996,0.05840000000000001,0.5986,0.0,0.0,0.3358,5.84,0.09125,10.074000000000002,0.193956043956044,0.0027472527472527,0.158791208791209,0.0324175824175824,182000.0
130,Saint Vincent and the Grenadines,0.0,0.63145,14.238649999999998,0.0,2.5185000000000004,0.44165,0.41609999999999997,0.43799999999999994,10.20175,2.4747000000000003,0.1314,0.07300000000000001,0.3942,0.1606,0.7519000000000001,0.10220000000000001,1.0001,0.0,0.0,0.2628,8.9571,0.14600000000000002,14.859150000000001,0.109009009009009,0.0,0.0882882882882883,0.0207207207207207,111000.0
131,Samoa,0.0,4.854500000000001,22.02775,0.0036500000000000005,1.60235,0.2263,1.9272,0.63875,13.453899999999999,1.49285,0.06935000000000001,0.06935000000000001,17.136750000000003,0.0,0.11680000000000001,0.33945000000000003,0.29565,0.0,0.0,0.06205000000000001,8.468,0.0438,28.772949999999998,0.001,0.0,0.001,0.0,200000.0
132,Sao Tome and Principe,0.0,0.33945000000000003,3.9858,0.0,1.62425,0.05840000000000001,0.7811,0.6533500000000001,2.27395,0.52925,0.029200000000000004,0.007300000000000001,11.29675,0.07300000000000001,0.018250000000000002,0.08395,0.04015,0.0,0.0,0.014600000000000002,9.336699999999999,0.04015,23.20305,0.486666666666667,0.008095238095238,0.463333333333333,0.0152380952380952,210000.0
133,Saudi Arabia,0.0,1.9929,11.588750000000001,0.0,3.9237499999999996,0.6789000000000001,0.31024999999999997,0.31755,5.2122,3.3215000000000003,0.0657,0.07300000000000001,0.46720000000000006,0.13505,0.36135,0.0219,0.9417000000000001,0.0,0.0,0.53655,19.133300000000002,0.14235,26.050050000000002,1.03558117633629,0.017779172968808,1.01047629919237,0.0073257041751091,35041000.0
134,Senegal,0.0,0.4234,3.2813499999999998,0.0,3.0842499999999995,0.13870000000000002,0.38325000000000004,0.0438,1.7373999999999998,0.52925,0.0036500000000000005,0.0657,2.09875,0.0657,0.09125,0.029200000000000004,0.10949999999999999,0.0,0.0,0.20804999999999998,17.7609,0.10220000000000001,23.6009,0.115647396082179,0.0024486383182035,0.103768514094601,0.0094302436693741,16744000.0
135,Serbia,0.0,2.49295,20.235599999999998,0.0,1.2994,0.9307499999999999,0.20804999999999998,0.35405,11.1106,5.3655,0.0036500000000000005,0.1314,0.68985,0.047450000000000006,0.051100000000000007,0.036500000000000005,0.9198000000000001,0.0,0.0,0.57305,6.1903999999999995,0.22265,10.391549999999999,4.88712088543913,0.0467155383067414,0.0,4.84040534713238,6957000.0
136,Sierra Leone,0.0,0.0657,2.34695,0.0,1.2556,0.11680000000000001,0.4745,0.10220000000000001,0.79935,0.8613999999999998,0.014600000000000002,0.029200000000000004,1.90165,0.1825,0.11315,0.1752,0.029200000000000004,0.0,0.0,0.0219,13.33345,0.10585,17.231650000000002,0.0330324683464962,0.0009527391249843,0.0238936943713175,0.0081860348501943,7977000.0
137,Slovakia,0.0,17.308300000000003,29.539450000000002,0.0,2.3177499999999998,1.29575,0.2701,0.1606,6.7780499999999995,3.7887,0.01095,0.09855,0.8906,0.025550000000000003,0.06935000000000001,0.047450000000000006,0.8869500000000001,0.0,0.0,0.49275,23.3454,0.14965,28.397,3.37803002563164,0.0411937019406811,2.32863419992677,1.00820212376419,5462000.0
138,Slovenia,0.0,8.7965,23.4111,0.0,3.1462999999999997,0.9928000000000001,0.32485,0.40515,7.555499999999999,5.642900000000001,0.05474999999999999,0.09855,0.7665000000000001,0.036500000000000005,0.15695,0.047450000000000006,2.12065,0.0,0.0,1.3943,12.1983,0.23725,20.5714,5.89396100808369,0.129719448407038,4.7963861150737,0.967855444602948,2103000.0
139,Solomon Islands,0.0,1.2921,5.0844499999999995,0.0,1.1461,0.10949999999999999,0.949,0.2117,2.4345499999999998,0.28105,0.036500000000000005,0.018250000000000002,6.16485,0.19344999999999998,0.07300000000000001,0.8103,0.365,0.0,0.0,0.11680000000000001,4.3727,0.029200000000000004,13.519599999999999,0.0023776223776223,0.0,0.0006993006993006,0.0009790209790209,715000.0
140,South Africa,0.0,0.511,11.829649999999997,0.0,3.8470999999999997,0.657,0.14235,0.051100000000000007,8.464350000000001,1.85785,0.0,0.1971,0.7081,0.025550000000000003,0.06205000000000001,0.03285,0.1679,0.0,0.0,0.05474999999999999,13.03415,0.09855,18.0821,1.80097772858389,0.0484453612396861,1.48873180385054,0.263800563493661,59628000.0
141,Spain,0.0,2.6864,21.2868,0.0,1.1753,1.3651000000000002,1.17895,0.40880000000000005,10.11415,5.84365,0.0,0.10220000000000001,1.1461,0.10585,0.014600000000000002,0.051100000000000007,0.5402,0.0,0.0,1.4855500000000001,28.010099999999994,0.2847,33.2223,4.04800041985935,0.106721948147371,0.31568384591162,3.62559462580036,47635000.0
142,Sri Lanka,0.0,0.11680000000000001,3.70475,0.0,0.9928000000000001,0.42705,0.8321999999999999,0.2117,0.7409499999999999,1.5475999999999999,0.0036500000000000005,0.036500000000000005,9.93895,0.13870000000000002,0.5219499999999999,0.03285,0.0438,0.0,0.0036500000000000005,0.1533,2.44915,0.0876,14.570800000000002,0.199917946847791,0.0009481697588549,0.16481287322788,0.0341569038610567,21937000.0
143,Sudan,0.0,0.85045,10.026549999999999,0.0,2.83605,0.11680000000000001,0.029200000000000004,0.1971,3.52225,5.37645,0.0036500000000000005,0.1314,1.8542,0.20440000000000003,0.05840000000000001,0.029200000000000004,0.029200000000000004,0.0,0.0,0.0,9.46445,0.1752,14.851849999999999,0.0531733904992132,0.003347852858674,0.0308422084882209,0.0189833291523182,43849000.0
144,Suriname,0.0,0.44165,8.36945,0.0,1.77755,0.5402,0.43434999999999996,0.1314,5.985999999999999,0.949,0.0876,0.018250000000000002,1.7519999999999998,0.036500000000000005,0.03285,0.06205000000000001,0.49640000000000006,0.0,0.0,0.0876,15.140199999999998,0.15695,19.76475,1.03752066115702,0.0203305785123967,0.953884297520661,0.0633057851239669,605000.0
145,Sweden,0.0,9.57395,27.99915,0.0,1.9199,1.35415,0.8650500000000001,0.3504,8.719850000000001,7.4825,0.047450000000000006,0.007300000000000001,0.9380499999999999,0.029200000000000004,0.10949999999999999,0.047450000000000006,0.22995000000000002,0.0,0.0,0.9562999999999999,16.42135,0.2263,21.272199999999998,4.21488869615496,0.0840994507082972,0.0,4.13078924544666,10377000.0
146,Switzerland,0.0,6.7963000000000005,30.66365,0.0,1.2264,1.0147,0.44165,0.36865000000000003,13.191099999999999,9.14325,0.0,0.07665,0.5767,0.029200000000000004,0.09125,0.04015,0.18980000000000002,0.0,0.0,2.15715,18.9727,0.23360000000000003,23.889250000000004,5.2385452860783,0.0892286309937457,3.67848042622191,1.47083622886264,8634000.0
147,Taiwan*,,,,,,,,,,,,,,,,,,,,,,,,0.0033968657348581,2.96484540448962e-05,0.0028886065226598,0.0004786107581533,23610000.0
148,Tajikistan,0.0,0.014600000000000002,5.3217,0.0,4.28145,0.2409,0.007300000000000001,0.14965,3.0039500000000006,1.9637,0.014600000000000002,0.09125,0.5328999999999999,0.047450000000000006,0.007300000000000001,0.03285,0.4745,0.0,0.0,0.1752,9.548399999999999,0.3942,15.6585,0.141011772192173,0.0009545020680878,0.136748329621381,0.0033089405027044,9429000.0
149,Thailand,0.0,0.7811,9.1761,0.0,1.1899,1.3578000000000001,0.84315,0.23725,5.4677,0.6862,0.0036500000000000005,0.0438,2.16445,0.047450000000000006,0.8249,0.03285,0.05840000000000001,0.0,0.0,0.12410000000000002,9.48635,0.09855,14.26055,0.0110905702347672,9.6191420927646e-05,0.0064613581026242,0.0045330207112153,66534000.0
150,Timor-Leste,0.0,0.66795,5.8765,0.0,3.35435,0.0803,0.25915,0.42705,4.77785,0.05840000000000001,0.036500000000000005,0.029200000000000004,1.1607,0.09125,0.047450000000000006,0.05840000000000001,0.0657,0.0,0.0,0.0036500000000000005,5.2414,0.05474999999999999,10.5412,0.0033383915022761,0.0,0.0024279210925644,0.0009104704097116,1318000.0
151,Togo,0.0,0.21899999999999997,2.1717500000000003,0.0,3.6463500000000004,0.0803,0.23360000000000003,0.025550000000000003,1.387,0.22265,0.03285,0.029200000000000004,1.2118,0.365,0.09125,0.24820000000000003,0.06935000000000001,0.0,0.0,0.0,12.541400000000001,0.06205000000000001,18.29015,0.0442323952168136,0.0008213552361396,0.0415871482063051,0.0018238917743688,8279000.0
152,Trinidad and Tobago,0.0,3.4711499999999997,15.1548,0.0,1.63155,0.4015,0.50735,0.20804999999999998,7.39125,3.3287999999999998,0.0657,0.05474999999999999,2.0768500000000003,0.22265,0.2847,0.05474999999999999,0.2847,0.0,0.0,0.38689999999999997,11.96835,0.11680000000000001,17.30465,0.522863403944485,0.0092768444119795,0.487289992695398,0.0262965668371074,1369000.0
153,Tunisia,0.0,1.9053,9.17975,0.0,2.3360000000000003,0.6643,0.365,0.29200000000000004,2.89445,3.2849999999999997,0.007300000000000001,0.0657,1.01105,0.14600000000000002,0.24455000000000002,0.029200000000000004,0.21534999999999996,0.0,0.0,1.6717,20.21005,0.5475,26.710700000000003,1.18154841963685,0.0397612642905178,0.886844317417619,0.254942837928716,11896000.0
154,Turkey,0.0,2.70465,12.585199999999999,0.0,1.87975,0.7592000000000001,0.1314,0.30295,3.5404999999999993,5.39105,0.007300000000000001,0.06205000000000001,1.606,0.3504,0.3431,0.047450000000000006,0.08395,0.0,0.0,2.5915,25.59745,0.61685,33.4194,2.65217884567157,0.0251895816664079,2.52547858175,0.101510682255156,83737000.0
155,Turkmenistan,0.0,4.088,20.60425,0.0,1.8870500000000001,0.69715,0.0803,0.19344999999999998,11.015699999999999,4.69025,0.0219,0.03285,0.24820000000000003,0.025550000000000003,0.0036500000000000005,0.03285,0.6825500000000001,0.0,0.0,0.12410000000000002,7.413149999999999,0.28105,10.90985,,,,,6031000.0
156,Uganda,0.0,0.3139,4.015,0.0,1.1242,0.07300000000000001,0.28105,0.23360000000000003,1.98925,1.31035,0.0036500000000000005,0.0438,2.1389,0.33945000000000003,0.01095,0.18615,0.03285,0.0,0.0,0.0,8.1687,0.051100000000000007,12.28955,0.0776349445792615,0.0005793489429614,0.0259679499792309,0.0510876456570692,45741000.0
157,Ukraine,0.0,3.18645,15.6074,0.0,1.7885000000000002,1.41985,0.2993,0.17884999999999998,5.588150000000001,5.04065,0.0036500000000000005,0.06935000000000001,0.05840000000000001,0.036500000000000005,0.0219,0.1314,0.28835,0.0,0.0,0.45625,10.12875,0.30295,13.39185,2.6254368327828,0.0465244865718799,1.78725645076356,0.791655895447365,41778000.0
158,United Arab Emirates,0.0,2.6134000000000004,13.99775,0.0,1.9856000000000003,0.7446,0.52925,0.44165,6.175800000000001,3.8251999999999997,0.0657,0.10949999999999999,2.0914500000000005,0.6935,0.7373000000000001,0.01095,0.09490000000000001,0.0,0.0,2.4966,9.741850000000001,0.28105,18.640549999999998,2.1443853548783,0.0068623440376355,1.90242380854981,0.235099202290857,9778000.0
159,United Kingdom,0.0,4.3873,26.62675,0.0,1.5110999999999999,1.1096000000000001,0.5328999999999999,0.43434999999999996,12.950199999999999,7.570099999999999,0.0803,0.07665,1.20085,0.0657,0.1314,0.0876,1.50745,0.0,0.0,0.7227,18.8924,0.21899999999999997,24.845549999999996,3.79643984514592,0.110537522334723,0.0084559261465157,3.67744639666468,67160000.0
160,United Republic of Tanzania,0.0,0.6059,2.9784,0.0,1.65345,0.029200000000000004,0.17884999999999998,0.10585,1.1826,0.98185,0.0,0.0,3.2813499999999998,0.4015,0.051100000000000007,0.28105,0.01095,0.0,0.0,0.14235,10.61785,0.09490000000000001,16.64035,0.0008521110255465,3.51558576355175e-05,0.0003063581879666,0.0005105969799444,59734000.0
161,United States of America,0.0,4.029599999999999,25.88215,0.0,1.5658500000000002,1.5256999999999998,0.4745,0.5402,11.493849999999998,8.3439,0.0,0.01095,2.1315999999999997,0.05474999999999999,0.10585,0.05840000000000001,0.48545,0.0,0.0,1.14975,28.820399999999996,0.23725,35.149499999999996,6.10185977846355,0.105429279915605,0.0,5.99643049854795,329878000.0
162,Uruguay,0.0,2.7886,20.432699999999997,0.0,2.0586,1.02565,0.2628,0.14235,9.8404,6.45685,0.036500000000000005,0.05840000000000001,1.2118,0.05840000000000001,0.025550000000000003,0.0803,0.6059,0.0,0.0,0.10949999999999999,15.125599999999999,0.1679,19.61875,0.559416595865194,0.0054658736901727,0.396205041064854,0.157745681110167,3531000.0
163,Uzbekistan,0.0,1.5110999999999999,15.7826,0.0,1.6498,0.64605,0.05840000000000001,0.35405,6.292599999999999,7.1686000000000005,0.007300000000000001,0.10585,0.20440000000000003,0.0,0.01095,0.05474999999999999,0.10220000000000001,0.0,0.0,0.47085000000000005,11.209150000000001,0.5183,14.5781,0.225850061450225,0.0017966875402352,0.220179083513782,0.0038742903962076,34174000.0
164,Vanuatu,0.0,1.4016,10.705449999999999,0.0,2.9601499999999996,0.25184999999999996,1.0293,0.21899999999999997,7.128450000000001,0.8249,0.018250000000000002,0.06935000000000001,16.63305,0.0,0.07665,0.3285,0.15695,0.0,0.0,0.025550000000000003,4.65375,0.10220000000000001,25.1777,0.0003115264797507,0.0,0.0003115264797507,0.0,321000.0
165,Venezuela (Bolivarian Republic of),0.0,1.0731,7.72705,0.0,1.2045,0.31024999999999997,0.2701,0.45625,3.358,2.6134000000000004,0.0036500000000000005,0.09855,0.047450000000000006,0.05474999999999999,0.0,0.06205000000000001,0.04015,0.0,0.0,0.007300000000000001,13.9722,0.0876,15.9432,0.397570256589283,0.0035957409670099,0.376683539884797,0.017290975737476,28645000.0
166,Vietnam,,,,,,,,,,,,,,,,,,,,,,,,0.0015320811982247,3.63791329293517e-05,0.0013772100323254,0.0001184920329698,96209000.0
167,Yemen,0.0,0.57305,3.5696999999999997,0.0,3.2813499999999998,0.15695,0.10949999999999999,0.07300000000000001,2.2776,0.38325000000000004,0.007300000000000001,0.06935000000000001,0.21534999999999996,0.14235,0.029200000000000004,0.014600000000000002,0.10585,0.0,0.0,0.0219,6.7269499999999995,0.047450000000000006,10.66165,0.0070441896332059,0.0020451954670421,0.0046804801180178,0.0003185140481459,29826000.0
168,Zambia,0.025550000000000003,0.5256,3.1317000000000004,0.0,4.672000000000001,0.20440000000000003,0.3285,0.0438,1.5987,0.41609999999999997,0.007300000000000001,0.05840000000000001,3.2266000000000004,0.025550000000000003,0.051100000000000007,0.0657,0.0219,0.0,0.0,0.0036500000000000005,4.9859,0.051100000000000007,13.1765,0.114213446475196,0.002121409921671,0.102115970409051,0.0099760661444734,18384000.0
169,Zimbabwe,0.0,1.23005,4.3216,0.0,4.07705,0.1533,0.10220000000000001,0.025550000000000003,1.90165,0.8759999999999999,0.007300000000000001,0.05474999999999999,0.8103,0.047450000000000006,0.0219,0.036500000000000005,0.0438,0.0,0.0,0.17884999999999998,11.21645,0.03285,16.498,0.0947587970127161,0.0024826750992397,0.0763439413308215,0.0159321805826549,14863000.0
